{"cameraMode":{"drawMode":0,"name":"Shaded","section":"Shading Mode"},"sceneLighting":true,"audioPlay":false,"sceneViewState":{"m_AlwaysRefresh":false,"showFog":true,"showSkybox":true,"showFlares":true,"showImageEffects":true,"showParticleSystems":true,"showVisualEffectGraphs":true,"m_FxEnabled":true},"in2DMode":false,"pivot":{"x":-46.98814392089844,"y":11.394813537597657,"z":0.22074651718139649},"rotation":{"x":0.1524791270494461,"y":0.7268335223197937,"z":-0.1712276190519333,"w":0.6475891470909119},"size":12.075301170349121,"orthographic":false}